source_url,source_domain,page_type,target_url,migration_status,redirect_required,notes
https://justwirerope.com/,justwirerope.com,product-or-category,,discovered,false,Discovered public page.
https://justwirerope.com/sitemap.xml,justwirerope.com,error,,error,false,HTTP 301
https://justwirerope.com/about-us/,justwirerope.com,skipped,,skipped,false,Skipped non-product/service page.
https://justwirerope.com/shop/,justwirerope.com,product-or-category,,discovered,false,Discovered public page.
https://justwirerope.com/product-category/tool-lanyard/,justwirerope.com,product-or-category,,discovered,false,Discovered public page.
https://justwirerope.com/products/anti-lost-safety-rope/,justwirerope.com,product-or-category,,discovered,false,Discovered public page.
https://justwirerope.com/products/diving-camera-lanyard-with-quick-release-buckle/,justwirerope.com,product-or-category,,discovered,false,Discovered public page.
https://justwirerope.com/products/dog-tie-out-cable-with-pvc-coating/,justwirerope.com,product-or-category,,discovered,false,Discovered public page.
https://justwirerope.com/products/high-quality-spring-lanyard-with-two-hooks/,justwirerope.com,product-or-category,,discovered,false,Discovered public page.
https://justwirerope.com/products/lanyard-coil-spring-wire-for-safety-fall-protection/,justwirerope.com,product-or-category,,discovered,false,Discovered public page.
https://justwirerope.com/products/high-quality-tool-lanyard-portable-spring-wire-rope/,justwirerope.com,product-or-category,,discovered,false,Discovered public page.
https://justwirerope.com/products/lightweight-safety-coils-lanyard/,justwirerope.com,product-or-category,,discovered,false,Discovered public page.
https://justwirerope.com/products/retractable-coil-lanyard-for-safety/,justwirerope.com,product-or-category,,discovered,false,Discovered public page.
https://justwirerope.com/products/retractable-spring-coil-keychain-spiral-lanyards/,justwirerope.com,product-or-category,,discovered,false,Discovered public page.
https://justwirerope.com/products/safety-dog-leash-with-handle/,justwirerope.com,product-or-category,,discovered,false,Discovered public page.
https://justwirerope.com/products/safety-tool-lanyard-with-d-hook-stretchable/,justwirerope.com,product-or-category,,discovered,false,Discovered public page.
https://justwirerope.com/products/stainless-steel-convenient-safety-cable-saw/,justwirerope.com,product-or-category,,discovered,false,Discovered public page.
https://justwirerope.com/products/high-quality-tool-lanyard-for-height-work/,justwirerope.com,product-or-category,,discovered,false,Discovered public page.
https://justwirerope.com/product-category/brake-cable/,justwirerope.com,product-or-category,,discovered,false,Discovered public page.
https://justwirerope.com/products/automobile-bowden-trailer-brake-cable/,justwirerope.com,product-or-category,,discovered,false,Discovered public page.
https://justwirerope.com/products/bicycle-brake-cable-customizable-lengths-colors/,justwirerope.com,product-or-category,,discovered,false,Discovered public page.
https://justwirerope.com/products/brake-cable-for-vehicle-safety/,justwirerope.com,product-or-category,,discovered,false,Discovered public page.
https://justwirerope.com/products/m8-oil-control-cable-to-install-on-motorcycle/,justwirerope.com,product-or-category,,discovered,false,Discovered public page.
https://justwirerope.com/products/marine-push-pull-control-cable/,justwirerope.com,product-or-category,,discovered,false,Discovered public page.
https://justwirerope.com/products/wire-flexible-throttle-control-cables/,justwirerope.com,product-or-category,,discovered,false,Discovered public page.
https://justwirerope.com/products/customized-outboard-throttle-control-cable-brake-cable/,justwirerope.com,product-or-category,,discovered,false,Discovered public page.
https://justwirerope.com/product-category/hanging-kit/,justwirerope.com,product-or-category,,discovered,false,Discovered public page.
https://justwirerope.com/products/adjustable-cable-grip-wholesale-custom/,justwirerope.com,product-or-category,,discovered,false,Discovered public page.
https://justwirerope.com/products/durable-suspension-hanging-kits/,justwirerope.com,product-or-category,,discovered,false,Discovered public page.
https://justwirerope.com/products/suspension-hanging-kit-adjustable-for-panel-hanging/,justwirerope.com,product-or-category,,discovered,false,Discovered public page.
https://justwirerope.com/product-category/wire-rope-assembly/,justwirerope.com,product-or-category,,discovered,false,Discovered public page.
https://justwirerope.com/products/d-type-wire-lock-pin-with-tongue/,justwirerope.com,product-or-category,,discovered,false,Discovered public page.
https://justwirerope.com/products/metal-eyelet-terminals-for-wire-rope-cable/,justwirerope.com,product-or-category,,discovered,false,Discovered public page.
https://justwirerope.com/products/wire-rope-clips-for-cable-assembies/,justwirerope.com,product-or-category,,discovered,false,Discovered public page.
https://justwirerope.com/products/wire-rope-with-loops-fitted/,justwirerope.com,product-or-category,,discovered,false,Discovered public page.
https://justwirerope.com/products/wholesale-stainless-steel-carabiner/,justwirerope.com,product-or-category,,discovered,false,Discovered public page.
https://justwirerope.com/products/stainless-steel-tow-wire-rope-sling-with-sling-latch-hook/,justwirerope.com,product-or-category,,discovered,false,Discovered public page.
https://justwirerope.com/oem-manufacturers/,justwirerope.com,product-or-category,,discovered,false,Discovered public page.
https://justwirerope.com/electrical-containment-suspension-solutions/,justwirerope.com,product-or-category,,discovered,false,Discovered public page.
https://justwirerope.com/hvac-suspension-solution/,justwirerope.com,product-or-category,,discovered,false,Discovered public page.
https://justwirerope.com/wire-rope-solution-for-agriculture-and-forestry/,justwirerope.com,product-or-category,,discovered,false,Discovered public page.
https://justwirerope.com/wire-rope-solution-for-theatre-and-lighting-rigging/,justwirerope.com,product-or-category,,discovered,false,Discovered public page.
https://justwirerope.com/wire-rope-solutions-for-civil-engineering/,justwirerope.com,product-or-category,,discovered,false,Discovered public page.
https://justwirerope.com/faqs/,justwirerope.com,product-or-category,,discovered,false,Discovered public page.
https://justwirerope.com/quality/,justwirerope.com,discovered,,discovered,false,Discovered public page.
https://justwirerope.com/engineered-components/,justwirerope.com,discovered,,discovered,false,Discovered public page.
https://justwirerope.com/services/,justwirerope.com,service,,discovered,false,Discovered public page.
https://justwirerope.com/blog/,justwirerope.com,discovered,,discovered,false,Discovered public page.
https://justwirerope.com/contact/,justwirerope.com,skipped,,skipped,false,Skipped non-product/service page.
https://justwirerope.com/retractable-fishing-stainless-wire-rope-inside-heavy-duty-coiled-lanyard-with-lobster.html,justwirerope.com,product-or-category,,discovered,false,Discovered public page.
https://justwirerope.com/track-lighting-suspension-kit/,justwirerope.com,product-or-category,,discovered,false,Discovered public page.
https://justwirerope.com/lighting-cable-kit/,justwirerope.com,product-or-category,,discovered,false,Discovered public page.
https://justwirerope.com/brake-cable.html,justwirerope.com,product-or-category,,discovered,false,Discovered public page.
https://justwirerope.com/cable-lock.html,justwirerope.com,product-or-category,,discovered,false,Discovered public page.
https://justwirerope.com/products/adjustable-cable-grip-wholesale-custom-%e5%a4%8d%e5%88%b6/,justwirerope.com,product-or-category,,discovered,false,Discovered public page.
https://justwirerope.com/products/1-5mm-zinc-plated-wire-rope-loop-clamp-grip-1mm-1-5mm-cable/,justwirerope.com,product-or-category,,discovered,false,Discovered public page.
https://justwirerope.com/products/3-2mm-galvanized-whip-check-safety-cable-with-compress-spring/,justwirerope.com,product-or-category,,discovered,false,Discovered public page.
https://justwirerope.com/products/3-2mm-spiral-coil-spring-safety-lanyard-with-key-ring/,justwirerope.com,product-or-category,,discovered,false,Discovered public page.
https://justwirerope.com/products/304-316-double-carabiner-coil-lanyard-for-safety/,justwirerope.com,product-or-category,,discovered,false,Discovered public page.
https://justwirerope.com/products/5-0mm-pvc-housing-rear-brake-cable-for-motorcycle/,justwirerope.com,product-or-category,,discovered,false,Discovered public page.
https://justwirerope.com/products/adjustable-cable-double-loop-clamp/,justwirerope.com,product-or-category,,discovered,false,Discovered public page.
https://justwirerope.com/products/adjustable-cable-loop-clamp/,justwirerope.com,product-or-category,,discovered,false,Discovered public page.
https://justwirerope.com/products/anti-slip-and-wear-resistant-customized-industrial-safety-rope/,justwirerope.com,product-or-category,,discovered,false,Discovered public page.
https://justwirerope.com/shop/page/2/,justwirerope.com,product-or-category,,discovered,false,Discovered public page.
https://justwirerope.com/shop/page/3/,justwirerope.com,product-or-category,,discovered,false,Discovered public page.
https://justwirerope.com/shop/page/4/,justwirerope.com,product-or-category,,discovered,false,Discovered public page.
https://justwirerope.com/shop/page/7/,justwirerope.com,product-or-category,,discovered,false,Discovered public page.
https://justwirerope.com/shop/page/8/,justwirerope.com,product-or-category,,discovered,false,Discovered public page.
https://justwirerope.com/shop/page/9/,justwirerope.com,product-or-category,,discovered,false,Discovered public page.
https://justwirerope.com/products/coil-lanyard-tool-tether-with-swivel-zinc-alloy-hook/,justwirerope.com,product-or-category,,discovered,false,Discovered public page.
https://justwirerope.com/products/customized-high-quality-coiled-elastic-rope-manufacturer/,justwirerope.com,product-or-category,,discovered,false,Discovered public page.
https://justwirerope.com/products/customized-pvc-spring-wire-coil-tool-lanyard-for-safety/,justwirerope.com,product-or-category,,discovered,false,Discovered public page.
https://justwirerope.com/products/customized-retractable-grey-plastic-coiled-spring-tool-lanyard-with-swivel-hook/,justwirerope.com,product-or-category,,discovered,false,Discovered public page.
https://justwirerope.com/products/customized-safety-lanyard-with-suspension-kits-for-hanging/,justwirerope.com,product-or-category,,discovered,false,Discovered public page.
https://justwirerope.com/products/customized-wire-rope-lanyard-1kg-2kg-5kg-for-hanging/,justwirerope.com,product-or-category,,discovered,false,Discovered public page.
https://justwirerope.com/product-category/tool-lanyard/page/2/,justwirerope.com,product-or-category,,discovered,false,Discovered public page.
https://justwirerope.com/product-category/tool-lanyard/page/3/,justwirerope.com,product-or-category,,discovered,false,Discovered public page.
https://justwirerope.com/product-category/tool-lanyard/page/4/,justwirerope.com,product-or-category,,discovered,false,Discovered public page.
https://justwirerope.com/wp-content/uploads/2024/11/202411015.jpg,justwirerope.com,error,,error,false,HTTP 200
https://justwirerope.com/wp-content/uploads/2024/11/202411016.jpg,justwirerope.com,error,,error,false,HTTP 200
https://www.wireropeassy.com/,wireropeassy.com,discovered,,discovered,false,Discovered public page.
https://www.wireropeassy.com/sitemap.xml,wireropeassy.com,error,,error,false,HTTP 200
