route,page_type,indexable,status,title,h1,canonical,included_in_sitemap,source,notes
/,home,true,expected-200,Custom Wire Rope Assemblies and Cable Solutions,Custom Wire Rope Assemblies and Cable Solutions,/,true,static,
/products,products-index,true,expected-200,Steel Wire Rope Products,Steel Wire Rope Products,/products,true,static,
/products/wire-rope-assemblies,product-category,true,expected-200,Wire Rope Assemblies,Wire Rope Assemblies,/products/wire-rope-assemblies,true,static,
/products/tool-safety-lanyards,product-category,true,expected-200,Tool & Safety Lanyards,Tool & Safety Lanyards,/products/tool-safety-lanyards,true,static,
/products/suspension-hanging-kits,product-category,true,expected-200,Suspension & Hanging Kits,Suspension & Hanging Kits,/products/suspension-hanging-kits,true,static,
/products/control-brake-cables,product-category,true,expected-200,Control & Brake Cables,Control & Brake Cables,/products/control-brake-cables,true,static,
/products/gym-fitness-cables,product-category,true,expected-200,Gym Fitness Cables,Gym Fitness Cables,/products/gym-fitness-cables,true,static,
/products/wire-rope-fittings,product-category,true,expected-200,Wire Rope Fittings,Wire Rope Fittings,/products/wire-rope-fittings,true,static,
/constructions/1x7,construction,true,expected-200,1x7 Wire Rope Construction,1x7 Wire Rope Construction,/constructions/1x7,true,static,
/constructions/1x19,construction,true,expected-200,1x19 Wire Rope Construction,1x19 Wire Rope Construction,/constructions/1x19,true,static,
/constructions/6x7,construction,true,expected-200,6x7 Wire Rope Construction,6x7 Wire Rope Construction,/constructions/6x7,true,static,
/constructions/6x19,construction,true,expected-200,6x19 Wire Rope Construction,6x19 Wire Rope Construction,/constructions/6x19,true,static,
/constructions/6x36,construction,true,expected-200,6x36 Wire Rope Construction,6x36 Wire Rope Construction,/constructions/6x36,true,static,
/constructions/7x7,construction,true,expected-200,7x7 Wire Rope Construction,7x7 Wire Rope Construction,/constructions/7x7,true,static,
/constructions/7x19,construction,true,expected-200,7x19 Wire Rope Construction,7x19 Wire Rope Construction,/constructions/7x19,true,static,
/constructions/rotation-resistant,construction,true,expected-200,rotation-resistant Wire Rope Construction,rotation-resistant Wire Rope Construction,/constructions/rotation-resistant,true,static,
/applications/marine,application,true,expected-200,Marine Wire Rope Applications,Marine Wire Rope Applications,/applications/marine,true,static,
/applications/crane-and-lifting,application,true,expected-200,Crane and Lifting Wire Rope Applications,Crane and Lifting Wire Rope Applications,/applications/crane-and-lifting,true,static,
/applications/architectural,application,true,expected-200,Architectural Wire Rope Applications,Architectural Wire Rope Applications,/applications/architectural,true,static,
/applications/security-cables,application,true,expected-200,Security Cables Wire Rope Applications,Security Cables Wire Rope Applications,/applications/security-cables,true,static,
/applications/control-cables,application,true,expected-200,Control Cables Wire Rope Applications,Control Cables Wire Rope Applications,/applications/control-cables,true,static,
/applications/fitness-equipment,application,true,expected-200,Fitness Equipment Wire Rope Applications,Fitness Equipment Wire Rope Applications,/applications/fitness-equipment,true,static,
/applications/industrial-assemblies,application,true,expected-200,Industrial Assemblies Wire Rope Applications,Industrial Assemblies Wire Rope Applications,/applications/industrial-assemblies,true,static,
/capabilities/custom-wire-rope-assemblies,capability,true,expected-200,Custom Wire Rope Assemblies,Custom Wire Rope Assemblies,/capabilities/custom-wire-rope-assemblies,true,static,
/capabilities/cutting,capability,true,expected-200,Cutting,Cutting,/capabilities/cutting,true,static,
/capabilities/swaging,capability,true,expected-200,Swaging,Swaging,/capabilities/swaging,true,static,
/capabilities/terminal-installation,capability,true,expected-200,Terminal Installation,Terminal Installation,/capabilities/terminal-installation,true,static,
/capabilities/custom-packaging,capability,true,expected-200,Custom Packaging,Custom Packaging,/capabilities/custom-packaging,true,static,
/products/custom-wire-rope-cable-assembly,product-detail,true,expected-200,Custom Wire Rope Cable Assembly | Custom Cable Assembly | Gaoshuo,Custom Wire Rope Cable Assembly,/products/custom-wire-rope-cable-assembly,true,product-data,
/products/stainless-steel-wire-rope-assembly,product-detail,true,expected-200,Stainless Steel Wire Rope Assembly | Custom Cable Assembly | Gaoshuo,Stainless Steel Wire Rope Assembly,/products/stainless-steel-wire-rope-assembly,true,product-data,
/products/galvanized-wire-rope-assembly,product-detail,true,expected-200,Galvanized Wire Rope Assembly | Custom Cable Assembly | Gaoshuo,Galvanized Wire Rope Assembly,/products/galvanized-wire-rope-assembly,true,product-data,
/products/pvc-coated-wire-rope-assembly,product-detail,true,expected-200,PVC Coated Wire Rope Assembly | Custom Cable Assembly | Gaoshuo,PVC Coated Wire Rope Assembly,/products/pvc-coated-wire-rope-assembly,true,product-data,
/products/wire-rope-assembly-with-eye-loops,product-detail,true,expected-200,Wire Rope Assembly with Eye Loops | Custom Cable Assembly | Gaoshuo,Wire Rope Assembly with Eye Loops,/products/wire-rope-assembly-with-eye-loops,true,product-data,
/products/wire-rope-assembly-with-carabiner-hook,product-detail,true,expected-200,Wire Rope Assembly with Carabiner Hook | Custom Cable Assembly | Gaoshuo,Wire Rope Assembly with Carabiner Hook,/products/wire-rope-assembly-with-carabiner-hook,true,product-data,
/products/coiled-tool-safety-lanyard,product-detail,true,expected-200,Coiled Tool Safety Lanyard | Custom Cable Assembly | Gaoshuo,Coiled Tool Safety Lanyard,/products/coiled-tool-safety-lanyard,true,product-data,
/products/tool-lanyard-with-carabiner,product-detail,true,expected-200,Tool Lanyard with Carabiner | Custom Cable Assembly | Gaoshuo,Tool Lanyard with Carabiner,/products/tool-lanyard-with-carabiner,true,product-data,
/products/tool-lanyard-with-dual-hooks,product-detail,true,expected-200,Tool Lanyard with Dual Hooks | Custom Cable Assembly | Gaoshuo,Tool Lanyard with Dual Hooks,/products/tool-lanyard-with-dual-hooks,true,product-data,
/products/spring-coil-safety-lanyard,product-detail,true,expected-200,Spring Coil Safety Lanyard | Custom Cable Assembly | Gaoshuo,Spring Coil Safety Lanyard,/products/spring-coil-safety-lanyard,true,product-data,
/products/lighting-suspension-cable-kit,product-detail,true,expected-200,Lighting Suspension Cable Kit | Custom Cable Assembly | Gaoshuo,Lighting Suspension Cable Kit,/products/lighting-suspension-cable-kit,true,product-data,
/products/adjustable-cable-gripper-kit,product-detail,true,expected-200,Adjustable Cable Gripper Kit | Custom Cable Assembly | Gaoshuo,Adjustable Cable Gripper Kit,/products/adjustable-cable-gripper-kit,true,product-data,
/products/led-panel-suspension-kit,product-detail,true,expected-200,LED Panel Suspension Kit | Custom Cable Assembly | Gaoshuo,LED Panel Suspension Kit,/products/led-panel-suspension-kit,true,product-data,
/products/sign-hanging-cable-kit,product-detail,true,expected-200,Sign Hanging Cable Kit | Custom Cable Assembly | Gaoshuo,Sign Hanging Cable Kit,/products/sign-hanging-cable-kit,true,product-data,
/products/bowden-cable-assembly,product-detail,true,expected-200,Bowden Cable Assembly | Custom Cable Assembly | Gaoshuo,Bowden Cable Assembly,/products/bowden-cable-assembly,true,product-data,
/products/push-pull-control-cable,product-detail,true,expected-200,Push Pull Control Cable | Custom Cable Assembly | Gaoshuo,Push Pull Control Cable,/products/push-pull-control-cable,true,product-data,
/products/brake-cable-assembly,product-detail,true,expected-200,Brake Cable Assembly | Custom Cable Assembly | Gaoshuo,Brake Cable Assembly,/products/brake-cable-assembly,true,product-data,
/products/throttle-control-cable,product-detail,true,expected-200,Throttle Control Cable | Custom Cable Assembly | Gaoshuo,Throttle Control Cable,/products/throttle-control-cable,true,product-data,
/products/gym-equipment-cable-assembly,product-detail,true,expected-200,Gym Equipment Cable Assembly | Custom Cable Assembly | Gaoshuo,Gym Equipment Cable Assembly,/products/gym-equipment-cable-assembly,true,product-data,
/products/weight-stack-cable-assembly,product-detail,true,expected-200,Weight Stack Cable Assembly | Custom Cable Assembly | Gaoshuo,Weight Stack Cable Assembly,/products/weight-stack-cable-assembly,true,product-data,
/products/pvc-coated-gym-cable,product-detail,true,expected-200,PVC Coated Gym Cable | Custom Cable Assembly | Gaoshuo,PVC Coated Gym Cable,/products/pvc-coated-gym-cable,true,product-data,
/products/fitness-cable-with-ball-end,product-detail,true,expected-200,Fitness Cable with Ball End | Custom Cable Assembly | Gaoshuo,Fitness Cable with Ball End,/products/fitness-cable-with-ball-end,true,product-data,
/products/wire-rope-thimble,product-detail,true,expected-200,Wire Rope Thimble | Custom Cable Assembly | Gaoshuo,Wire Rope Thimble,/products/wire-rope-thimble,true,product-data,
/products/wire-rope-sleeve,product-detail,true,expected-200,Wire Rope Sleeve | Custom Cable Assembly | Gaoshuo,Wire Rope Sleeve,/products/wire-rope-sleeve,true,product-data,
/products/swage-terminal,product-detail,true,expected-200,Swage Terminal | Custom Cable Assembly | Gaoshuo,Swage Terminal,/products/swage-terminal,true,product-data,
/products/cable-gripper,product-detail,true,expected-200,Cable Gripper | Custom Cable Assembly | Gaoshuo,Cable Gripper,/products/cable-gripper,true,product-data,
/services/custom-wire-rope-assemblies,service-detail,true,expected-200,Custom Wire Rope Assemblies,Custom Wire Rope Assemblies,/services/custom-wire-rope-assemblies,false,service-data,
/services/cable-cutting,service-detail,true,expected-200,Cable Cutting,Cable Cutting,/services/cable-cutting,false,service-data,
/services/swaging-crimping,service-detail,true,expected-200,Swaging and Crimping,Swaging and Crimping,/services/swaging-crimping,false,service-data,
/services/end-fitting-installation,service-detail,true,expected-200,Custom End Fitting Installation,Custom End Fitting Installation,/services/end-fitting-installation,false,service-data,
/services/coating-options,service-detail,true,expected-200,Coating and Protection Options,Coating and Protection Options,/services/coating-options,false,service-data,
/services/drawing-based-production,service-detail,true,expected-200,Drawing-Based Cable Assembly,Drawing-Based Cable Assembly,/services/drawing-based-production,false,service-data,
/applications,applications-index,true,expected-200,Steel Wire Rope Applications,Steel Wire Rope Applications,/applications,true,static,
/capabilities,capabilities-index,true,expected-200,Wire Rope Custom Capabilities,Wire Rope Custom Capabilities,/capabilities,true,static,
/services,services-index,true,expected-200,Wire Rope Assembly Services,Wire Rope Assembly Services,/services,true,static,
/resources,resources-index,true,expected-200,Steel Wire Rope Resources,Steel Wire Rope Resources,/resources,true,static,
/resources/guides,resource-category,true,expected-200,Steel Wire Rope Guides,Steel Wire Rope Guides,/resources/guides,true,static,
/resources/comparisons,resource-category,true,expected-200,Steel Wire Rope Comparisons,Steel Wire Rope Comparisons,/resources/comparisons,true,static,
/resources/technical,resource-category,true,expected-200,Steel Wire Rope Technical Resources,Steel Wire Rope Technical Resources,/resources/technical,true,static,
/about,company,true,expected-200,About Gaoshuo Steel Wire Rope,About Gaoshuo Steel Wire Rope,/about,true,static,
/contact,contact,true,expected-200,Contact,Contact,/contact,true,static,
/request-a-quote,rfq,true,expected-200,Request a Quote,Request a Quote,/request-a-quote,true,static,
/privacy-policy,policy,true,expected-200,Privacy Policy,Privacy Policy,/privacy-policy,true,static,
/thank-you,thank-you,false,expected-200,Thank You,Thank You,/thank-you,false,static,noindex
/_not-found,404,false,expected-404,404,404,,false,system,Generated by Next.js
